Changes made at Sat Aug  9 05:58:18 UTC 2025
Changes made at Thu Nov 20 13:42:45 UTC 2025
Changes made at Thu Nov 20 14:17:07 UTC 2025
Changes made at Thu Nov 20 16:21:59 UTC 2025
Changes made at Fri Nov 21 08:24:19 UTC 2025
Changes made at Fri Nov 21 10:17:45 UTC 2025
Changes made at Fri Nov 21 14:16:34 UTC 2025
Changes made at Fri Nov 21 16:21:22 UTC 2025
Changes made at Sat Nov 22 08:20:29 UTC 2025
Changes made at Sat Nov 22 10:16:12 UTC 2025
Changes made at Sat Nov 22 14:13:57 UTC 2025
Changes made at Sat Nov 22 16:18:45 UTC 2025
Changes made at Sun Nov 23 08:20:40 UTC 2025
Changes made at Sun Nov 23 10:16:21 UTC 2025
Changes made at Sun Nov 23 14:14:05 UTC 2025
